{
    "loss": 0.553030303030303,
    "_step": 99,
    "epoch": 99,
    "val_accuracy": 0.39080458879470825,
    "_timestamp": 1571846253.5638986,
    "val_loss": 0.6091943205088034,
    "accuracy": 0.4469696879386902,
    "_runtime": 6.282100677490234
}
